External ID,Estado
__export__.hr_contract_197_a1257695,En proceso
__export__.hr_contract_198_6bdb7351,Cancelada
__export__.hr_contract_199_3ea00aca,En proceso
__export__.hr_contract_200_8266d1a1,En proceso
__export__.hr_contract_201_7dee11fb,En proceso
__export__.hr_contract_202_9b196584,En proceso
__export__.hr_contract_203_c35495fd,Cancelada
__export__.hr_contract_204_fd959b19,En proceso
__export__.hr_contract_205_9af90142,Cancelada
__export__.hr_contract_206_49318ea3,En proceso
__export__.hr_contract_207_db13bd48,En proceso
__export__.hr_contract_208_bff88385,En proceso
__export__.hr_contract_209_8ff44e4c,Cancelada
__export__.hr_contract_210_240c3598,En proceso
__export__.hr_contract_211_f59412b0,En proceso
__export__.hr_contract_212_c2614024,En proceso
__export__.hr_contract_213_4f68d55c,Cancelada
__export__.hr_contract_214_31c8f525,En proceso
__export__.hr_contract_215_a6b206de,En proceso
__export__.hr_contract_216_1f11a945,En proceso
__export__.hr_contract_217_bc1e92c0,Cancelada
__export__.hr_contract_218_3747a45e,En proceso
__export__.hr_contract_219_3214d6f5,En proceso
__export__.hr_contract_220_218411b6,En proceso
__export__.hr_contract_221_40c1aefd,En proceso
__export__.hr_contract_222_b8066ad2,En proceso
__export__.hr_contract_223_89646e3b,En proceso
__export__.hr_contract_224_7f6dd7f5,En proceso
__export__.hr_contract_225_a7c6a2f2,En proceso
__export__.hr_contract_226_ec21bd92,En proceso
__export__.hr_contract_227_43423314,En proceso
__export__.hr_contract_228_a9a3f673,En proceso
__export__.hr_contract_229_a2b0238d,En proceso
__export__.hr_contract_230_1007292a,En proceso
__export__.hr_contract_231_d782e2d8,En proceso
__export__.hr_contract_232_edf5e8dc,En proceso
__export__.hr_contract_233_727a20d3,Cancelada
__export__.hr_contract_234_5cdf403c,Cancelada
__export__.hr_contract_235_ea338a38,En proceso
__export__.hr_contract_236_45e319ed,En proceso
__export__.hr_contract_237_e21d7c7c,Cancelada
__export__.hr_contract_238_1fbbb59d,Cancelada
__export__.hr_contract_239_d37a0b81,En proceso
__export__.hr_contract_240_0cf1752b,En proceso
__export__.hr_contract_241_a28a0db8,En proceso
__export__.hr_contract_242_f816ca3c,En proceso
__export__.hr_contract_243_0a73209d,En proceso
__export__.hr_contract_244_a9c4b849,En proceso
__export__.hr_contract_245_5fdbf909,En proceso
__export__.hr_contract_246_1e57d132,En proceso
__export__.hr_contract_247_a0b43309,En proceso
__export__.hr_contract_248_adbfcfe6,En proceso
__export__.hr_contract_249_c36463f3,Cancelada
__export__.hr_contract_250_5183bc9a,En proceso
__export__.hr_contract_251_6aaa1a3e,En proceso
__export__.hr_contract_252_4167d1d9,En proceso
__export__.hr_contract_253_59d739ff,En proceso
__export__.hr_contract_254_d125248f,Cancelada
__export__.hr_contract_255_4d4c06df,En proceso
__export__.hr_contract_256_a9489411,Cancelada
__export__.hr_contract_257_624c7349,En proceso
__export__.hr_contract_258_b49ba2b3,En proceso
__export__.hr_contract_259_5b633c43,En proceso
__export__.hr_contract_260_6e0a0f2f,En proceso
__export__.hr_contract_261_3a622877,Cancelada
__export__.hr_contract_262_a643c74a,En proceso
__export__.hr_contract_263_fc6864a9,En proceso
__export__.hr_contract_264_fdab2a29,En proceso
__export__.hr_contract_265_c42e2a8d,Cancelada
__export__.hr_contract_266_4ce6df5c,En proceso
__export__.hr_contract_267_58093b42,En proceso
__export__.hr_contract_268_88a54856,Cancelada
__export__.hr_contract_269_b358fcde,En proceso
__export__.hr_contract_270_b8bf8cf8,En proceso
__export__.hr_contract_271_32ef0064,Cancelada
__export__.hr_contract_272_55ce46a5,En proceso
__export__.hr_contract_273_af975fe3,Cancelada
__export__.hr_contract_274_2c35f9c0,Cancelada
__export__.hr_contract_275_90529b3c,En proceso
__export__.hr_contract_276_c00d7d69,En proceso
__export__.hr_contract_277_81c44184,En proceso
__export__.hr_contract_278_90d6813a,En proceso
__export__.hr_contract_279_f2cf29c0,Cancelada
__export__.hr_contract_280_25b44e74,En proceso
__export__.hr_contract_281_1f8e6f9c,En proceso
__export__.hr_contract_282_5c10bd3b,En proceso
__export__.hr_contract_283_0904d1ba,En proceso
__export__.hr_contract_284_e6240d68,En proceso
__export__.hr_contract_285_c70a5bdd,En proceso
__export__.hr_contract_286_ca203700,En proceso
__export__.hr_contract_287_5ec1e15f,En proceso
__export__.hr_contract_288_b968e071,En proceso
__export__.hr_contract_289_87688502,En proceso
__export__.hr_contract_290_30c224f6,Cancelada
__export__.hr_contract_291_2a0d0e42,En proceso
__export__.hr_contract_292_48203f34,En proceso
__export__.hr_contract_428_0c15ad12,Cancelada
__export__.hr_contract_429_d18b9c59,En proceso
__export__.hr_contract_430_29e9a5a3,En proceso
__export__.hr_contract_431_c9b68fa8,En proceso
__export__.hr_contract_432_5fe49591,Cancelada
__export__.hr_contract_433_d27da358,Cancelada
__export__.hr_contract_434_9a24473f,Cancelada
__export__.hr_contract_435_fd2c6432,Cancelada
__export__.hr_contract_436_1bbd7155,Cancelada
__export__.hr_contract_437_af3ba354,Cancelada
__export__.hr_contract_438_762d20d0,Cancelada
__export__.hr_contract_439_f9625cdf,Cancelada
__export__.hr_contract_440_74f2d978,Cancelada
__export__.hr_contract_441_4b7bc7ec,Cancelada
__export__.hr_contract_442_2afe6f82,Cancelada
__export__.hr_contract_443_54f63124,Cancelada
__export__.hr_contract_444_913aeaf7,Cancelada
__export__.hr_contract_445_825fa4fb,Cancelada
__export__.hr_contract_446_1141113c,Cancelada
__export__.hr_contract_447_49121824,Cancelada
__export__.hr_contract_448_afa701a4,Cancelada
__export__.hr_contract_449_bc631f6d,Cancelada
__export__.hr_contract_450_06c33599,Cancelada
__export__.hr_contract_451_731c3095,Cancelada
__export__.hr_contract_452_5917b96b,Cancelada
__export__.hr_contract_453_9c061daf,Cancelada
__export__.hr_contract_454_a744b60f,Cancelada
__export__.hr_contract_455_eb968bba,Cancelada
__export__.hr_contract_456_1ec61c42,Cancelada
__export__.hr_contract_457_4f94c38c,Cancelada
__export__.hr_contract_458_fbb17837,Cancelada
__export__.hr_contract_459_54615f7e,Cancelada
__export__.hr_contract_460_d95eb6e5,Cancelada
__export__.hr_contract_461_c8d6e261,Cancelada
__export__.hr_contract_462_7fb577cf,Cancelada
__export__.hr_contract_463_e6db1b56,Cancelada
__export__.hr_contract_464_8162b58a,Cancelada
__export__.hr_contract_465_c0382111,Cancelada
__export__.hr_contract_466_44ccc1fb,Cancelada
__export__.hr_contract_467_b5ff56ea,Cancelada
__export__.hr_contract_468_6ab8dee3,Cancelada
__export__.hr_contract_469_d5174ea4,Cancelada
__export__.hr_contract_470_5ff35d07,Cancelada
__export__.hr_contract_471_5660599e,Cancelada
__export__.hr_contract_472_bafc566b,Cancelada
__export__.hr_contract_473_42ac7d88,En proceso
__export__.hr_contract_474_b4469c97,En proceso
__export__.hr_contract_475_444beae8,En proceso
__export__.hr_contract_476_adec1df7,Cancelada
__export__.hr_contract_477_8d2923c0,Cancelada
__export__.hr_contract_478_3b5a5f76,Cancelada
__export__.hr_contract_479_17156088,Cancelada
__export__.hr_contract_480_42cd1e3e,En proceso
__export__.hr_contract_481_370700bb,En proceso
__export__.hr_contract_482_12c9f44f,Cancelada
__export__.hr_contract_483_c1984f62,Cancelada
__export__.hr_contract_484_2ac80d9a,En proceso
__export__.hr_contract_485_80378ed3,En proceso
__export__.hr_contract_486_363121a2,En proceso
__export__.hr_contract_487_9486eb91,En proceso
__export__.hr_contract_488_2f7ee880,En proceso
__export__.hr_contract_489_e62bf8fa,En proceso
__export__.hr_contract_490_6ce70fb7,Cancelada
__export__.hr_contract_491_47e1e28a,Cancelada
__export__.hr_contract_492_cf1203ea,Cancelada
__export__.hr_contract_493_f400b7cf,Cancelada
__export__.hr_contract_494_709ebc85,En proceso
__export__.hr_contract_495_515bcc8a,En proceso
__export__.hr_contract_496_f372794e,En proceso
__export__.hr_contract_497_29795f68,En proceso
__export__.hr_contract_498_3523d133,En proceso
__export__.hr_contract_499_a9f927b3,Cancelada
__export__.hr_contract_500_d189d14d,Cancelada
__export__.hr_contract_501_4cce0e69,En proceso
__export__.hr_contract_502_685228cc,En proceso
__export__.hr_contract_503_8b1faba0,En proceso
__export__.hr_contract_504_e3e292dc,Cancelada
__export__.hr_contract_505_cbcf5b3b,En proceso
__export__.hr_contract_506_2dd3fa4d,Cancelada
__export__.hr_contract_507_bdac2959,En proceso
__export__.hr_contract_508_6609ad62,Cancelada
__export__.hr_contract_509_1972377b,En proceso
__export__.hr_contract_510_ead4f4c3,En proceso
__export__.hr_contract_511_79d9c232,Cancelada
__export__.hr_contract_512_3a5b77ac,Cancelada
__export__.hr_contract_513_6840c9a2,En proceso
__export__.hr_contract_514_017e19e8,Cancelada
__export__.hr_contract_515_5f26606c,En proceso
__export__.hr_contract_516_d6c91a51,En proceso
__export__.hr_contract_517_b8eaadd7,En proceso
__export__.hr_contract_518_378344a4,En proceso
__export__.hr_contract_519_bc76876f,En proceso
__export__.hr_contract_520_e734a1d5,Cancelada
__export__.hr_contract_521_1b2ef498,Cancelada
__export__.hr_contract_522_c162ea42,Cancelada
__export__.hr_contract_523_e600c3a6,En proceso
__export__.hr_contract_524_52f06f7b,En proceso
__export__.hr_contract_525_012b886f,En proceso
__export__.hr_contract_526_ea23701e,Cancelada
__export__.hr_contract_527_bc20d481,En proceso
__export__.hr_contract_528_3c513639,En proceso
__export__.hr_contract_529_f2d3a473,En proceso
__export__.hr_contract_530_73391c30,Cancelada
__export__.hr_contract_531_2a32ad8f,En proceso
__export__.hr_contract_532_0200969b,En proceso
__export__.hr_contract_533_57bd31e1,En proceso
__export__.hr_contract_534_42b9a777,Cancelada
__export__.hr_contract_535_5f4f1909,En proceso
__export__.hr_contract_536_2a866cc1,En proceso
__export__.hr_contract_537_477dde7a,En proceso
__export__.hr_contract_538_90820364,Cancelada
__export__.hr_contract_539_523fdae3,En proceso
__export__.hr_contract_540_b29df859,En proceso
__export__.hr_contract_541_39258e10,En proceso
__export__.hr_contract_542_93113ec3,En proceso
__export__.hr_contract_543_bfe1e57f,En proceso
__export__.hr_contract_544_27f9530e,En proceso
__export__.hr_contract_545_2273ca43,En proceso
__export__.hr_contract_546_8796aaa3,En proceso
__export__.hr_contract_547_634c6623,En proceso
__export__.hr_contract_548_8d8b1779,En proceso
__export__.hr_contract_549_3b228b4e,En proceso
__export__.hr_contract_550_ccbd263d,En proceso
__export__.hr_contract_551_350c018b,Cancelada
__export__.hr_contract_552_312e89d6,Cancelada
__export__.hr_contract_553_1e569735,En proceso
__export__.hr_contract_554_44850a8a,En proceso
__export__.hr_contract_555_6f64239d,En proceso
__export__.hr_contract_556_3b4f1064,En proceso
__export__.hr_contract_557_d0aaef1d,En proceso
__export__.hr_contract_558_d1f489e0,En proceso
__export__.hr_contract_559_3d5fa2e3,En proceso
__export__.hr_contract_560_55f5eb28,En proceso
__export__.hr_contract_561_1e536b58,Cancelada
__export__.hr_contract_562_317a0d43,En proceso
__export__.hr_contract_563_0c479d55,En proceso
__export__.hr_contract_564_a86afbb9,En proceso
__export__.hr_contract_565_2a387d04,En proceso
__export__.hr_contract_566_8a2b5b81,En proceso
__export__.hr_contract_567_68750f03,En proceso
__export__.hr_contract_568_c4f24bae,En proceso
__export__.hr_contract_569_a96183c2,En proceso
__export__.hr_contract_570_720e6026,En proceso
__export__.hr_contract_571_4144ef49,En proceso
__export__.hr_contract_572_9ab78603,Cancelada
__export__.hr_contract_573_5ae702d9,En proceso
__export__.hr_contract_574_398da428,En proceso
__export__.hr_contract_575_25c79e1e,En proceso
__export__.hr_contract_576_818916a1,Cancelada
__export__.hr_contract_577_411b865b,Cancelada
__export__.hr_contract_578_1572e915,Cancelada
__export__.hr_contract_579_6fe737d0,En proceso
__export__.hr_contract_580_aae55cd9,En proceso
__export__.hr_contract_581_e7eea720,En proceso
__export__.hr_contract_582_adc47ee5,Cancelada
__export__.hr_contract_583_8094c658,En proceso
